{
  "main_run_135_trial_aggregate": {
    "single_agent": {
      "n_scored": 44,
      "n_errors": 1,
      "task_success_mean": 0.6818181818181818,
      "task_success_spread": 0.47115529818794444,
      "violation_rate_mean": 0.03409090909090909
    },
    "multi_agent_no_verifier": {
      "n_scored": 45,
      "n_errors": 0,
      "task_success_mean": 0.6444444444444445,
      "task_success_spread": 0.4840903163082632,
      "violation_rate_mean": 0.1925925925925926
    },
    "multi_agent_verifier": {
      "n_scored": 45,
      "n_errors": 0,
      "task_success_mean": 0.6222222222222222,
      "task_success_spread": 0.4903101471559001,
      "violation_rate_mean": 0.15555555555555556
    }
  },
  "custom_run_36_trial_clean_attribution": {
    "single_agent": {
      "n_scored": 12,
      "n_errors": 0,
      "task_success_mean": 0.8333333333333334,
      "task_success_spread": 0.3892494720807615,
      "violation_rate_mean": 0.027777777777777776
    },
    "multi_agent_no_verifier": {
      "n_scored": 12,
      "n_errors": 0,
      "task_success_mean": 1.0,
      "task_success_spread": 0.0,
      "violation_rate_mean": 0.0
    },
    "multi_agent_verifier": {
      "n_scored": 12,
      "n_errors": 0,
      "task_success_mean": 0.9166666666666666,
      "task_success_spread": 0.28867513459481287,
      "violation_rate_mean": 0.027777777777777776
    }
  }
}